{
    "userName":"gaurav.roy@itcinfotech.com",
    "userPassword":"Login@123",
    "organization":"itcinfotech",
    "allDBFFiles":"/Volumes/StudyMaterials/Workspace/Gaurav/HotScheduleWithoutFrontEnd/allDBFFiles",
    "posFetchCycleTime":2,
    "dbfCopyCycleTime":1,
    "employPosition":"resources/EmployeePosition",
    "employee":"resources/Employee",
    "revenueCenter":"resources/RevenueCenter",
    "salesCategory":"resources/SalesCategory",
    "salesItem":"resources/SalesItem",
    "storeJob":"resources/StoreJob",
    "salesTransaction":"resources/SalesTransaction",
    "timecard":"resources/Timecard"

}
