{
  "tax_id": "djuH4",
  "tax_exempt": true,
  "quantity": "Real",
  "order_id": "Y6j7b",
  "timestamp": "2016-04-20T14:53:07.443Z",
  "order_number": 0,
  "canceled_closed": true,
  "description": "TQaK8",
  "external_ids": [{
    "key": "zpsd4",
    "value": "FWgdy"
  }],
  "store_id": "gHJYB",
  "discount_total": {
    "code": {},
    "value": 0,
    "scale": 0
  },
  "voided_closed": true,
  "tax_total": {
    "code": {},
    "value": 0,
    "scale": 0
  },
  "non_sales_item": true,
  "gross_total": {
    "code": {},
    "value": 0,
    "scale": 0
  },
  "sales_category": {
    "id": "SDQjw",
    "name": "beCpK"
  },
  "modified": true,
  "tax_index": 0,
  "department": {
    "id": "SDQjw",
    "name": "beCpK"
  },
  "unit_price": {
    "code": {},
    "value": 0,
    "scale": 0
  },
  "business_day": "VRxAd",
  "transaction_id": "SqU1D",
  "net_total": {
    "code": {},
    "value": 0,
    "scale": 0
  },
  "carry_out": true,
  "currency_scale": 0,
  "tax_details": [{
    "rate": "Real",
    "amount": "BodhiCurrency",
    "id": "PpQyy",
    "category": "fedkR",
    "index": 0
  }],
  "type": {
    "id": "SDQjw",
    "name": "beCpK"
  },
  "item_code": "gtZ4l",
  "discount_details": {
    "rate": "Real",
    "amount": "BodhiCurrency",
    "id": "PpQyy",
    "category": "fedkR",
    "index": 0
  },
  "discounted": true
}